Ref,Val,Package,PosX,PosY,Rot,Side
"U12","AH1806-W","SOT-23_Handsoldering",-14.000000,-34.000000,0.000000,bottom
"C1","10u","C_0805_2012Metric_Pad1.18x1.45mm_HandSolder",12.000000,10.000000,0.000000,top
"C2","100n","C_0603_1608Metric_Pad1.08x0.95mm_HandSolder",5.000000,-9.500000,0.000000,top
"C3","100n","C_0603_1608Metric_Pad1.08x0.95mm_HandSolder",-5.000000,-9.500000,0.000000,top
"C4","10u","C_0805_2012Metric_Pad1.18x1.45mm_HandSolder",0.000000,-13.500000,0.000000,top
"C5","10n","C_0603_1608Metric_Pad1.08x0.95mm_HandSolder",6.000000,-12.500000,0.000000,top
"C6","2u2","C_0603_1608Metric_Pad1.08x0.95mm_HandSolder",6.000000,-15.000000,0.000000,top
"C7","4u7","C_0603_1608Metric_Pad1.08x0.95mm_HandSolder",-16.000000,9.000000,0.000000,top
"C8","10u","C_0805_2012Metric_Pad1.18x1.45mm_HandSolder",-16.000000,5.000000,0.000000,top
"C9","10u","C_0805_2012Metric_Pad1.18x1.45mm_HandSolder",-16.000000,18.000000,0.000000,top
"C10","1u","C_0603_1608Metric_Pad1.08x0.95mm_HandSolder",-16.000000,22.000000,0.000000,top
"C11","22u","C_1210_3225Metric_Pad1.33x2.70mm_HandSolder",22.000000,27.000000,0.000000,top
"C12","22u","C_1210_3225Metric_Pad1.33x2.70mm_HandSolder",20.000000,-4.000000,0.000000,top
"C13","1u","C_0603_1608Metric_Pad1.08x0.95mm_HandSolder",26.000000,29.500000,0.000000,top
"C14","1u","C_0603_1608Metric_Pad1.08x0.95mm_HandSolder",16.000000,22.000000,0.000000,top
"C15","100n","C_0603_1608Metric_Pad1.08x0.95mm_HandSolder",-29.000000,-24.000000,0.000000,top
"C16","10u","C_0805_2012Metric_Pad1.18x1.45mm_HandSolder",8.000000,36.000000,0.000000,top
"C17","100n","C_0603_1608Metric_Pad1.08x0.95mm_HandSolder",4.000000,36.000000,0.000000,top
"C18","100n","C_0603_1608Metric_Pad1.08x0.95mm_HandSolder",-20.000000,-30.000000,0.000000,top
"C19","100n","C_0603_1608Metric_Pad1.08x0.95mm_HandSolder",6.000000,26.000000,0.000000,top
"C20","100n","C_0603_1608Metric_Pad1.08x0.95mm_HandSolder",18.000000,-31.000000,0.000000,top
"C21","100n","C_0603_1608Metric_Pad1.08x0.95mm_HandSolder",-14.000000,-10.000000,0.000000,top
"D1","PMEG2005EJ","D_SOD-323F",6.000000,-36.000000,0.000000,top
"D2","PMEG2005EJ","D_SOD-323F",0.000000,-36.000000,0.000000,top
"D3","SS14","D_SMA",26.000000,8.000000,90.000000,top
"D4","STATUS (ember)","LED_0603_1608Metric",37.000000,-44.000000,0.000000,top
"D5","SS14","D_SMA",-8.000000,30.000000,0.000000,top
"D6","SMAJ5.0A TVS","D_SMA",4.000000,-42.000000,0.000000,top
"F1","2A","Fuse_1206_3216Metric",-20.000000,-36.000000,0.000000,top
"J1","MOTOR L N20 encoder","JST_PH_B6B-PH-K_1x06_P2.00mm_Vertical",-27.000000,-16.000000,90.000000,top
"J2","MOTOR R N20 encoder","JST_PH_B6B-PH-K_1x06_P2.00mm_Vertical",27.000000,-2.000000,-90.000000,top
"J3","USB-C charge","USB_C_Receptacle_GCT_USB4125-xx-x_6P_TopMnt_Horizontal",16.000000,-43.500000,0.000000,top
"J4","POGO pad board","JST_PH_B2B-PH-K_1x02_P2.00mm_Vertical",-20.000000,-43.000000,0.000000,top
"J5","BATT 1S2P 18650","JST_XH_B2B-XH-A_1x02_P2.50mm_Vertical",-31.000000,-40.000000,90.000000,top
"J6","SPEAKER sealed 4R","JST_PH_B2B-PH-K_1x02_P2.00mm_Vertical",36.000000,40.000000,90.000000,top
"J7","NECK HARNESS 16p","JST_PH_B16B-PH-K_1x16_P2.00mm_Vertical",-37.000000,40.000000,0.000000,top
"J9","SERVO head tilt","JST_PH_B3B-PH-K_1x03_P2.00mm_Vertical",22.000000,34.000000,0.000000,top
"J10","CLIFF L IR (analog, down)","JST_PH_B3B-PH-K_1x03_P2.00mm_Vertical",13.000000,42.000000,0.000000,top
"J11","CLIFF R IR (analog, down)","JST_PH_B3B-PH-K_1x03_P2.00mm_Vertical",22.000000,42.000000,0.000000,top
"J12","LIDAR LD19 (5V GND TX PWM)","JST_ZH_B4B-ZR_1x04_P1.50mm_Vertical",16.000000,-12.000000,0.000000,top
"J13","BUMPER switches (N.O., parallel)","JST_PH_B2B-PH-K_1x02_P2.00mm_Vertical",-30.000000,34.000000,0.000000,top
"J14","NTC 10k on cells","JST_PH_B2B-PH-K_1x02_P2.00mm_Vertical",-20.000000,34.000000,0.000000,top
"J15","VL53L5CX FRONT","JST_PH_B6B-PH-K_1x06_P2.00mm_Vertical",-2.000000,42.000000,0.000000,top
"J16","VL53L5CX LEFT","JST_PH_B6B-PH-K_1x06_P2.00mm_Vertical",-29.000000,14.000000,90.000000,top
"J17","VL53L5CX RIGHT","JST_PH_B6B-PH-K_1x06_P2.00mm_Vertical",29.000000,14.000000,90.000000,top
"L1","4u7 3A","L_Taiyo-Yuden_NR-40xx",20.000000,14.000000,0.000000,top
"Q1","AO3401A","SOT-23_Handsoldering",14.000000,-2.000000,0.000000,top
"Q2","AO3400A","SOT-23_Handsoldering",28.000000,-18.000000,0.000000,top
"Q3","AO3400A (discharge)","SOT-23_Handsoldering",27.000000,-43.000000,0.000000,top
"Q4","AO3400A (charge)","SOT-23_Handsoldering",28.000000,-29.800000,0.000000,top
"R1","2k2","R_0603_1608Metric_Pad0.98x0.95mm_HandSolder",-6.000000,-12.500000,0.000000,top
"R2","2k2","R_0603_1608Metric_Pad0.98x0.95mm_HandSolder",-6.000000,-15.000000,0.000000,top
"R3","10k","R_0603_1608Metric_Pad0.98x0.95mm_HandSolder",14.000000,-24.000000,0.000000,top
"R4","5k1","R_0603_1608Metric_Pad0.98x0.95mm_HandSolder",8.000000,-38.000000,0.000000,top
"R5","5k1","R_0603_1608Metric_Pad0.98x0.95mm_HandSolder",24.000000,-38.000000,0.000000,top
"R6","1k1 (ILIM 1.5A)","R_0603_1608Metric_Pad0.98x0.95mm_HandSolder",-14.000000,12.000000,0.000000,top
"R7","590 (ISET 1.5A)","R_0603_1608Metric_Pad0.98x0.95mm_HandSolder",-14.000000,15.000000,0.000000,top
"R8","1k5 (ITERM)","R_0603_1608Metric_Pad0.98x0.95mm_HandSolder",-22.000000,16.000000,0.000000,top
"R9","10k DNP (TS bypass)","R_0603_1608Metric_Pad0.98x0.95mm_HandSolder",-22.000000,26.000000,0.000000,top
"R10","10k (TMR)","R_0603_1608Metric_Pad0.98x0.95mm_HandSolder",-22.000000,29.000000,0.000000,top
"R11","75k","R_0603_1608Metric_Pad0.98x0.95mm_HandSolder",14.000000,2.000000,0.000000,top
"R12","22k","R_0603_1608Metric_Pad0.98x0.95mm_HandSolder",18.000000,2.000000,0.000000,top
"R13","2k2","R_0603_1608Metric_Pad0.98x0.95mm_HandSolder",-29.000000,-20.000000,0.000000,top
"R14","2k2","R_0603_1608Metric_Pad0.98x0.95mm_HandSolder",-29.000000,-28.000000,0.000000,top
"R15","10k","R_0603_1608Metric_Pad0.98x0.95mm_HandSolder",-13.000000,-28.000000,0.000000,top
"R16","10k","R_0603_1608Metric_Pad0.98x0.95mm_HandSolder",-25.000000,-30.000000,0.000000,top
"R17","10k","R_0603_1608Metric_Pad0.98x0.95mm_HandSolder",28.000000,3.000000,0.000000,top
"R18","100k","R_0603_1608Metric_Pad0.98x0.95mm_HandSolder",28.000000,-22.000000,0.000000,top
"R19","1k","R_0603_1608Metric_Pad0.98x0.95mm_HandSolder",33.000000,-45.000000,0.000000,top
"R20","100k DNP (3 dB)","R_0603_1608Metric_Pad0.98x0.95mm_HandSolder",16.000000,32.000000,0.000000,top
"R21","100R","R_0603_1608Metric_Pad0.98x0.95mm_HandSolder",18.000000,-34.000000,0.000000,top
"R22","1k","R_0603_1608Metric_Pad0.98x0.95mm_HandSolder",22.000000,-31.000000,0.000000,top
"R23","2k2","R_0603_1608Metric_Pad0.98x0.95mm_HandSolder",-12.000000,-4.000000,0.000000,top
"R24","2k2","R_0603_1608Metric_Pad0.98x0.95mm_HandSolder",-12.000000,-7.000000,0.000000,top
"R25","0R1 1W","R_1206_3216Metric",-6.000000,-29.000000,0.000000,top
"R26","0R1 1W","R_1206_3216Metric",6.000000,-29.000000,0.000000,top
"R27","100k","R_0603_1608Metric_Pad0.98x0.95mm_HandSolder",-15.000000,-19.000000,0.000000,top
"SW1","POWER","SW_SPDT_PCM12",34.000000,-38.000000,90.000000,top
"SW2","RESET (pinhole)","SW_Push_SPST_NO_Alps_SKRK",-10.000000,-44.000000,0.000000,top
"SW3","BOOT / hold 10 s = factory reset","SW_Push_SPST_NO_Alps_SKRK",-4.000000,-44.000000,0.000000,top
"U1A","XIAO_RP2040 D0-D6","XIAO_Castellated",0.000000,4.000000,0.000000,top
"U2","LSM6DS3TR-C","LGA-14_3x2.5mm_P0.5mm_LayoutBorder3x4y",0.000000,-9.500000,0.000000,top
"U3","DRV8833PWP","HTSSOP-16-1EP_4.4x5mm_P0.65mm_EP3.4x5mm",0.000000,-19.000000,0.000000,top
"U4","74LVC1G04","SOT-23-5_HandSoldering",-3.000000,-25.000000,0.000000,top
"U5","74LVC1G04","SOT-23-5_HandSoldering",3.000000,-25.000000,0.000000,top
"U6","BQ24074RGT","VQFN-16-1EP_3x3mm_P0.5mm_EP1.68x1.68mm",-22.000000,8.000000,0.000000,top
"U7","LC709203FQH-01TWG","WDFN-8-1EP_3x2mm_P0.5mm_EP1.3x1.4mm",-22.000000,22.000000,0.000000,top
"U8","MT3608","SOT-23-6",20.000000,6.000000,0.000000,top
"U9","AP2112K-3.3","SOT-23-5_HandSoldering",16.000000,29.000000,0.000000,top
"U10","TCA9534PWR","TSSOP-16_4.4x5mm_P0.65mm",-20.000000,-26.000000,0.000000,top
"U11","MAX98357AETE+T","QFN-16-1EP_3x3mm_P0.5mm_EP1.75x1.75mm",14.000000,36.000000,0.000000,top
"U13","IRM-H638T 38kHz (rear)","Everlight_IRM-H6xxT",-6.000000,-34.000000,180.000000,top
"U14","DW01A-G","SOT-23-6_Handsoldering",24.000000,-34.000000,0.000000,top
"U15","TCA9517ADGKR","MSOP-8_3x3mm_P0.65mm",-20.000000,-10.000000,0.000000,top
"U16","ADS1015IDGS","TSSOP-10_3x3mm_P0.5mm",0.000000,26.000000,0.000000,top
