Ref,Value,Symbol,Footprint,Side,Description
U1A,"XIAO_RP2040 D0-D6",Connector:Conn_01x07_Pin,orbie_v5:XIAO_Castellated,F,"XIAO RP2040 left row D0..D6"
U1B,"XIAO_RP2040 D7-D10,3V3,GND,5V",Connector:Conn_01x07_Pin,orbie_v5:XIAO_Castellated,F,"XIAO RP2040 right row (pins 8-14)"
C1,"10u",Device:C,Capacitor_SMD:C_0805_2012Metric_Pad1.18x1.45mm_HandSolder,F,"capacitor"
J13,"BUMPER switches (N.O., parallel)",Connector:Conn_01x02_Pin,Connector_JST:JST_PH_B2B-PH-K_1x02_P2.00mm_Vertical,F,"REQ-S5 contact detect"
U2,"LSM6DS3TR-C",Sensor_Motion:LSM6DS3,Package_LGA:LGA-14_3x2.5mm_P0.5mm_LayoutBorder3x4y,F,"6-axis IMU @0x6A"
C2,"100n",Device:C,Capacitor_SMD:C_0603_1608Metric_Pad1.08x0.95mm_HandSolder,F,"capacitor"
C3,"100n",Device:C,Capacitor_SMD:C_0603_1608Metric_Pad1.08x0.95mm_HandSolder,F,"capacitor"
R1,"2k2",Device:R,Resistor_SMD:R_0603_1608Metric_Pad0.98x0.95mm_HandSolder,F,"resistor"
R2,"2k2",Device:R,Resistor_SMD:R_0603_1608Metric_Pad0.98x0.95mm_HandSolder,F,"resistor"
U16,"ADS1015IDGS",Analog_ADC:ADS1015IDGS,Package_SO:TSSOP-10_3x3mm_P0.5mm,F,"4-ch 12-bit I2C ADC @0x48"
C19,"100n",Device:C,Capacitor_SMD:C_0603_1608Metric_Pad1.08x0.95mm_HandSolder,F,"capacitor"
J10,"CLIFF L IR (analog, down)",Connector:Conn_01x03_Pin,Connector_JST:JST_PH_B3B-PH-K_1x03_P2.00mm_Vertical,F,"downward IR reflective sensor, front edge"
J11,"CLIFF R IR (analog, down)",Connector:Conn_01x03_Pin,Connector_JST:JST_PH_B3B-PH-K_1x03_P2.00mm_Vertical,F,"downward IR reflective sensor, front edge"
U3,"DRV8833PWP",Driver_Motor:DRV8833PWP,Package_SO:HTSSOP-16-1EP_4.4x5mm_P0.65mm_EP3.4x5mm,F,"dual H-bridge"
C4,"10u",Device:C,Capacitor_SMD:C_0805_2012Metric_Pad1.18x1.45mm_HandSolder,F,"capacitor"
C5,"10n",Device:C,Capacitor_SMD:C_0603_1608Metric_Pad1.08x0.95mm_HandSolder,F,"capacitor"
C6,"2u2",Device:C,Capacitor_SMD:C_0603_1608Metric_Pad1.08x0.95mm_HandSolder,F,"capacitor"
R3,"10k",Device:R,Resistor_SMD:R_0603_1608Metric_Pad0.98x0.95mm_HandSolder,F,"resistor"
R25,"0R1 1W",Device:R,Resistor_SMD:R_1206_3216Metric,F,"resistor"
R26,"0R1 1W",Device:R,Resistor_SMD:R_1206_3216Metric,F,"resistor"
R27,"100k",Device:R,Resistor_SMD:R_0603_1608Metric_Pad0.98x0.95mm_HandSolder,F,"resistor"
U4,"74LVC1G04",74xGxx:74LVC1G04,Package_TO_SOT_SMD:SOT-23-5_HandSoldering,F,"inverter L"
U5,"74LVC1G04",74xGxx:74LVC1G04,Package_TO_SOT_SMD:SOT-23-5_HandSoldering,F,"inverter R"
JP1,"VM = VSYS | +5V",Jumper:SolderJumper_3_Open,Jumper:SolderJumper-3_P1.3mm_Open_RoundedPad1.0x1.5mm,F,"motor rail select"
J1,"MOTOR L N20 encoder",Connector:Conn_01x06_Pin,Connector_JST:JST_PH_B6B-PH-K_1x06_P2.00mm_Vertical,F,"GA12-N20 with magnetic encoder (REQ-N1)"
J2,"MOTOR R N20 encoder",Connector:Conn_01x06_Pin,Connector_JST:JST_PH_B6B-PH-K_1x06_P2.00mm_Vertical,F,"GA12-N20 with magnetic encoder (REQ-N1)"
J3,"USB-C charge",Connector:USB_C_Receptacle_PowerOnly_6P,Connector_USB:USB_C_Receptacle_GCT_USB4125-xx-x_6P_TopMnt_Horizontal,F,"USB-C 6P"
R4,"5k1",Device:R,Resistor_SMD:R_0603_1608Metric_Pad0.98x0.95mm_HandSolder,F,"resistor"
R5,"5k1",Device:R,Resistor_SMD:R_0603_1608Metric_Pad0.98x0.95mm_HandSolder,F,"resistor"
D6,"SMAJ5.0A TVS",Diode:SMAJ5.0A,Diode_SMD:D_SMA,F,"USB surge"
J4,"POGO pad board",Connector:Conn_01x02_Pin,Connector_JST:JST_PH_B2B-PH-K_1x02_P2.00mm_Vertical,F,"to belly pads"
D1,"PMEG2005EJ",Diode:PMEG2005EJ,Diode_SMD:D_SOD-323F,F,"OR-ing"
D2,"PMEG2005EJ",Diode:PMEG2005EJ,Diode_SMD:D_SOD-323F,F,"OR-ing"
F1,"2A",Device:Polyfuse_Small,Fuse:Fuse_1206_3216Metric,F,""
U6,"BQ24074RGT",Battery_Management:BQ24074RGT,Package_DFN_QFN:VQFN-16-1EP_3x3mm_P0.5mm_EP1.68x1.68mm,F,"1S charger + power path"
C7,"4u7",Device:C,Capacitor_SMD:C_0603_1608Metric_Pad1.08x0.95mm_HandSolder,F,"capacitor"
C8,"10u",Device:C,Capacitor_SMD:C_0805_2012Metric_Pad1.18x1.45mm_HandSolder,F,"capacitor"
C9,"10u",Device:C,Capacitor_SMD:C_0805_2012Metric_Pad1.18x1.45mm_HandSolder,F,"capacitor"
R6,"1k1 (ILIM 1.5A)",Device:R,Resistor_SMD:R_0603_1608Metric_Pad0.98x0.95mm_HandSolder,F,"resistor"
R7,"590 (ISET 1.5A)",Device:R,Resistor_SMD:R_0603_1608Metric_Pad0.98x0.95mm_HandSolder,F,"resistor"
R8,"1k5 (ITERM)",Device:R,Resistor_SMD:R_0603_1608Metric_Pad0.98x0.95mm_HandSolder,F,"resistor"
R9,"10k DNP (TS bypass)",Device:R,Resistor_SMD:R_0603_1608Metric_Pad0.98x0.95mm_HandSolder,F,"resistor"
R10,"10k (TMR)",Device:R,Resistor_SMD:R_0603_1608Metric_Pad0.98x0.95mm_HandSolder,F,"resistor"
J14,"NTC 10k on cells",Connector:Conn_01x02_Pin,Connector_JST:JST_PH_B2B-PH-K_1x02_P2.00mm_Vertical,F,"REQ-P2 charge temperature interlock"
J5,"BATT 1S2P 18650",Connector:Conn_01x02_Pin,Connector_JST:JST_XH_B2B-XH-A_1x02_P2.50mm_Vertical,F,"V3 pack (2 cells parallel)"
SW1,"POWER",Switch:SW_SPDT,Button_Switch_SMD:SW_SPDT_PCM12,F,"main power"
U14,"DW01A-G",Battery_Management:DW01A,Package_TO_SOT_SMD:SOT-23-6_Handsoldering,F,"1S protection"
R21,"100R",Device:R,Resistor_SMD:R_0603_1608Metric_Pad0.98x0.95mm_HandSolder,F,"resistor"
C20,"100n",Device:C,Capacitor_SMD:C_0603_1608Metric_Pad1.08x0.95mm_HandSolder,F,"capacitor"
R22,"1k",Device:R,Resistor_SMD:R_0603_1608Metric_Pad0.98x0.95mm_HandSolder,F,"resistor"
Q3,"AO3400A (discharge)",Transistor_FET:AO3400A,Package_TO_SOT_SMD:SOT-23_Handsoldering,F,"DW01 OD switch"
Q4,"AO3400A (charge)",Transistor_FET:AO3400A,Package_TO_SOT_SMD:SOT-23_Handsoldering,F,"DW01 OC switch"
U7,"LC709203FQH-01TWG",Battery_Management:LC709203FQH-01TWG,Package_DFN_QFN:WDFN-8-1EP_3x2mm_P0.5mm_EP1.3x1.4mm,F,"fuel gauge"
C10,"1u",Device:C,Capacitor_SMD:C_0603_1608Metric_Pad1.08x0.95mm_HandSolder,F,"capacitor"
U8,"MT3608",Regulator_Switching:MT3608,Package_TO_SOT_SMD:SOT-23-6,F,"boost"
L1,"4u7 3A",Device:L,Inductor_SMD:L_Taiyo-Yuden_NR-40xx,F,""
D3,"SS14",Diode:SS14,Diode_SMD:D_SMA,F,""
R11,"75k",Device:R,Resistor_SMD:R_0603_1608Metric_Pad0.98x0.95mm_HandSolder,F,"resistor"
R12,"22k",Device:R,Resistor_SMD:R_0603_1608Metric_Pad0.98x0.95mm_HandSolder,F,"resistor"
C11,"22u",Device:C,Capacitor_SMD:C_1210_3225Metric_Pad1.33x2.70mm_HandSolder,F,"capacitor"
C12,"22u",Device:C,Capacitor_SMD:C_1210_3225Metric_Pad1.33x2.70mm_HandSolder,F,"capacitor"
U9,"AP2112K-3.3",Regulator_Linear:AP2112K-3.3,Package_TO_SOT_SMD:SOT-23-5_HandSoldering,F,"3.3V LDO (board rail)"
C13,"1u",Device:C,Capacitor_SMD:C_0603_1608Metric_Pad1.08x0.95mm_HandSolder,F,"capacitor"
C14,"1u",Device:C,Capacitor_SMD:C_0603_1608Metric_Pad1.08x0.95mm_HandSolder,F,"capacitor"
D5,"SS14",Diode:SS14,Diode_SMD:D_SMA,F,"head 5V isolation"
U15,"TCA9517ADGKR",Logic_LevelTranslator:TCA9517ADGK,Package_SO:MSOP-8_3x3mm_P0.65mm,F,"I2C buffer"
C21,"100n",Device:C,Capacitor_SMD:C_0603_1608Metric_Pad1.08x0.95mm_HandSolder,F,"capacitor"
R23,"2k2",Device:R,Resistor_SMD:R_0603_1608Metric_Pad0.98x0.95mm_HandSolder,F,"resistor"
R24,"2k2",Device:R,Resistor_SMD:R_0603_1608Metric_Pad0.98x0.95mm_HandSolder,F,"resistor"
U10,"TCA9534PWR",Interface_Expansion:TCA9534,Package_SO:TSSOP-16_4.4x5mm_P0.65mm,F,"I/O expander"
C15,"100n",Device:C,Capacitor_SMD:C_0603_1608Metric_Pad1.08x0.95mm_HandSolder,F,"capacitor"
R13,"2k2",Device:R,Resistor_SMD:R_0603_1608Metric_Pad0.98x0.95mm_HandSolder,F,"resistor"
R14,"2k2",Device:R,Resistor_SMD:R_0603_1608Metric_Pad0.98x0.95mm_HandSolder,F,"resistor"
R15,"10k",Device:R,Resistor_SMD:R_0603_1608Metric_Pad0.98x0.95mm_HandSolder,F,"resistor"
R16,"10k",Device:R,Resistor_SMD:R_0603_1608Metric_Pad0.98x0.95mm_HandSolder,F,"resistor"
J15,"VL53L5CX FRONT",Connector:Conn_01x06_Pin,Connector_JST:JST_PH_B6B-PH-K_1x06_P2.00mm_Vertical,F,"8x8 ToF module"
J16,"VL53L5CX LEFT",Connector:Conn_01x06_Pin,Connector_JST:JST_PH_B6B-PH-K_1x06_P2.00mm_Vertical,F,"8x8 ToF module"
J17,"VL53L5CX RIGHT",Connector:Conn_01x06_Pin,Connector_JST:JST_PH_B6B-PH-K_1x06_P2.00mm_Vertical,F,"8x8 ToF module"
U11,"MAX98357AETE+T",Audio:MAX98357A,Package_DFN_QFN:QFN-16-1EP_3x3mm_P0.5mm_EP1.75x1.75mm,F,"I2S class-D"
C16,"10u",Device:C,Capacitor_SMD:C_0805_2012Metric_Pad1.18x1.45mm_HandSolder,F,"capacitor"
C17,"100n",Device:C,Capacitor_SMD:C_0603_1608Metric_Pad1.08x0.95mm_HandSolder,F,"capacitor"
JP2,"GAIN: GND | open | VDD",Jumper:SolderJumper_3_Open,Jumper:SolderJumper-3_P1.3mm_Open_RoundedPad1.0x1.5mm,F,"amp gain strap"
R20,"100k DNP (3 dB)",Device:R,Resistor_SMD:R_0603_1608Metric_Pad0.98x0.95mm_HandSolder,F,"resistor"
J6,"SPEAKER sealed 4R",Connector:Conn_01x02_Pin,Connector_JST:JST_PH_B2B-PH-K_1x02_P2.00mm_Vertical,F,"speaker"
J7,"NECK HARNESS 16p",Connector:Conn_01x16_Pin,Connector_JST:JST_PH_B16B-PH-K_1x16_P2.00mm_Vertical,F,"to head board"
J12,"LIDAR LD19 (5V GND TX PWM)",Connector:Conn_01x04_Pin,Connector_JST:JST_ZH_B4B-ZR_1x04_P1.50mm_Vertical,F,"360° lidar, base mounted"
J9,"SERVO head tilt",Connector:Conn_01x03_Pin,Connector_JST:JST_PH_B3B-PH-K_1x03_P2.00mm_Vertical,F,"SG90"
Q1,"AO3401A",Transistor_FET:AO3401A,Package_TO_SOT_SMD:SOT-23_Handsoldering,F,"servo P-FET"
Q2,"AO3400A",Transistor_FET:AO3400A,Package_TO_SOT_SMD:SOT-23_Handsoldering,F,"level shift"
R17,"10k",Device:R,Resistor_SMD:R_0603_1608Metric_Pad0.98x0.95mm_HandSolder,F,"resistor"
R18,"100k",Device:R,Resistor_SMD:R_0603_1608Metric_Pad0.98x0.95mm_HandSolder,F,"resistor"
U12,"AH1806-W",Sensor_Magnetic:AH1806-W,Package_TO_SOT_SMD:SOT-23_Handsoldering,B,"hall: dock magnet (REQ-T5 with charge current)"
U13,"IRM-H638T 38kHz (rear)",Interface_Optical:TSOP38G36,OptoDevice:Everlight_IRM-H6xxT,F,"dock beacon receiver"
C18,"100n",Device:C,Capacitor_SMD:C_0603_1608Metric_Pad1.08x0.95mm_HandSolder,F,"capacitor"
D4,"STATUS (ember)",Device:LED,LED_SMD:LED_0603_1608Metric,F,""
R19,"1k",Device:R,Resistor_SMD:R_0603_1608Metric_Pad0.98x0.95mm_HandSolder,F,"resistor"
SW2,"RESET (pinhole)",Switch:SW_Push,Button_Switch_SMD:SW_Push_SPST_NO_Alps_SKRK,F,"side-actuated, through rear shell pinhole"
SW3,"BOOT / hold 10 s = factory reset",Switch:SW_Push,Button_Switch_SMD:SW_Push_SPST_NO_Alps_SKRK,F,"side-actuated, through rear shell pinhole"
