Mfr Part Number,Quantity,Description
102010428,3,Seeed XIAO RP2040
LC709203FQH-01TWG,3,fuel gauge U7
B6B-PH-K-S,10,JST PH 6-pin header
B2B-PH-K-S,10,JST PH 2-pin header
B3B-PH-K-S,6,JST PH 3-pin header
B16B-PH-K-S,2,JST PH 16-pin neck header
B2B-XH-A,2,JST XH battery header
B4B-ZR,2,JST ZH lidar header
IRM-H638T/TR2,2,IR receiver U13
PCM12SMTR,2,slide switch SW1
AH1806-W-7,3,hall sensor
SKRKAEE010,4,side tact switch
CC0603KRX7R9BB104,10,100nF 0603 for hall
AS04008PR-2-R,2,speaker 4ohm 3W enclosed
FIT0450,4,N20 encoder motor 6V
SEN-19013,3,VL53L5CX mini breakout
TCRT5000,4,cliff reflective sensor
CFR-25JB-52-220R,10,220R for IR LED
CFR-25JB-52-10K,10,10k for phototransistor
NTCLE100E3103JB0,3,10k NTC bead
ASPHSPH22K152,40,JST PH pre-crimped lead 150mm
SMDLTLFP10T5,1,Chip Quik low-temp paste
SMD291,1,Chip Quik flux
424-NS,1,MG Chemicals wick
3-SA,1,Hakko tweezers
CHP-170,1,Hakko flush cutter
FLUKE-101,1,multimeter
