Comment,Designator,Footprint,LCSC Part #
10u,"C1,C4,C8,C9,C16",C_0805_2012Metric_Pad1.18x1.45mm_HandSolder,
LSM6DS3TR-C,U2,LGA-14_3x2.5mm_P0.5mm_LayoutBorder3x4y,
100n,"C2,C3,C19,C20,C21,C15,C17,C18",C_0603_1608Metric_Pad1.08x0.95mm_HandSolder,
2k2,"R1,R2,R23,R24,R13,R14",R_0603_1608Metric_Pad0.98x0.95mm_HandSolder,
ADS1015IDGS,U16,TSSOP-10_3x3mm_P0.5mm,
DRV8833PWP,U3,HTSSOP-16-1EP_4.4x5mm_P0.65mm_EP3.4x5mm,
10n,C5,C_0603_1608Metric_Pad1.08x0.95mm_HandSolder,
2u2,C6,C_0603_1608Metric_Pad1.08x0.95mm_HandSolder,
10k,"R3,R15,R16,R17",R_0603_1608Metric_Pad0.98x0.95mm_HandSolder,
0R1 1W,"R25,R26",R_1206_3216Metric,
100k,"R27,R18",R_0603_1608Metric_Pad0.98x0.95mm_HandSolder,
74LVC1G04,"U4,U5",SOT-23-5_HandSoldering,
USB-C charge,J3,USB_C_Receptacle_GCT_USB4125-xx-x_6P_TopMnt_Horizontal,
5k1,"R4,R5",R_0603_1608Metric_Pad0.98x0.95mm_HandSolder,
SMAJ5.0A TVS,D6,D_SMA,
PMEG2005EJ,"D1,D2",D_SOD-323F,
2A,F1,Fuse_1206_3216Metric,
BQ24074RGT,U6,VQFN-16-1EP_3x3mm_P0.5mm_EP1.68x1.68mm,
4u7,C7,C_0603_1608Metric_Pad1.08x0.95mm_HandSolder,
1k1 (ILIM 1.5A),R6,R_0603_1608Metric_Pad0.98x0.95mm_HandSolder,
590 (ISET 1.5A),R7,R_0603_1608Metric_Pad0.98x0.95mm_HandSolder,
1k5 (ITERM),R8,R_0603_1608Metric_Pad0.98x0.95mm_HandSolder,
10k (TMR),R10,R_0603_1608Metric_Pad0.98x0.95mm_HandSolder,
POWER,SW1,SW_SPDT_PCM12,
DW01A-G,U14,SOT-23-6_Handsoldering,
100R,R21,R_0603_1608Metric_Pad0.98x0.95mm_HandSolder,
1k,"R22,R19",R_0603_1608Metric_Pad0.98x0.95mm_HandSolder,
AO3400A (discharge),Q3,SOT-23_Handsoldering,
AO3400A (charge),Q4,SOT-23_Handsoldering,
LC709203FQH-01TWG,U7,WDFN-8-1EP_3x2mm_P0.5mm_EP1.3x1.4mm,
1u,"C10,C13,C14",C_0603_1608Metric_Pad1.08x0.95mm_HandSolder,
MT3608,U8,SOT-23-6,
4u7 3A,L1,L_Taiyo-Yuden_NR-40xx,
SS14,"D3,D5",D_SMA,
75k,R11,R_0603_1608Metric_Pad0.98x0.95mm_HandSolder,
22k,R12,R_0603_1608Metric_Pad0.98x0.95mm_HandSolder,
22u,"C11,C12",C_1210_3225Metric_Pad1.33x2.70mm_HandSolder,
AP2112K-3.3,U9,SOT-23-5_HandSoldering,
TCA9517ADGKR,U15,MSOP-8_3x3mm_P0.65mm,
TCA9534PWR,U10,TSSOP-16_4.4x5mm_P0.65mm,
MAX98357AETE+T,U11,QFN-16-1EP_3x3mm_P0.5mm_EP1.75x1.75mm,
AO3401A,Q1,SOT-23_Handsoldering,
AO3400A,Q2,SOT-23_Handsoldering,
STATUS (ember),D4,LED_0603_1608Metric,
