Designator,Mid X,Mid Y,Layer,Rotation
C1,12.000000,10.000000,Top,0.000000
U2,0.000000,-9.500000,Top,0.000000
C2,5.000000,-9.500000,Top,0.000000
C3,-5.000000,-9.500000,Top,0.000000
R1,-6.000000,-12.500000,Top,0.000000
R2,-6.000000,-15.000000,Top,0.000000
U16,0.000000,26.000000,Top,0.000000
C19,6.000000,26.000000,Top,0.000000
U3,0.000000,-19.000000,Top,0.000000
C4,0.000000,-13.500000,Top,0.000000
C5,6.000000,-12.500000,Top,0.000000
C6,6.000000,-15.000000,Top,0.000000
R3,14.000000,-24.000000,Top,0.000000
R25,-6.000000,-29.000000,Top,0.000000
R26,6.000000,-29.000000,Top,0.000000
R27,-15.000000,-19.000000,Top,0.000000
U4,-3.000000,-25.000000,Top,0.000000
U5,3.000000,-25.000000,Top,0.000000
J3,16.000000,-43.500000,Top,0.000000
R4,8.000000,-38.000000,Top,0.000000
R5,24.000000,-38.000000,Top,0.000000
D6,4.000000,-42.000000,Top,0.000000
D1,6.000000,-36.000000,Top,0.000000
D2,0.000000,-36.000000,Top,0.000000
F1,-20.000000,-36.000000,Top,0.000000
U6,-22.000000,8.000000,Top,0.000000
C7,-16.000000,9.000000,Top,0.000000
C8,-16.000000,5.000000,Top,0.000000
C9,-16.000000,18.000000,Top,0.000000
R6,-14.000000,12.000000,Top,0.000000
R7,-14.000000,15.000000,Top,0.000000
R8,-22.000000,16.000000,Top,0.000000
R10,-22.000000,29.000000,Top,0.000000
SW1,34.000000,-38.000000,Top,90.000000
U14,24.000000,-34.000000,Top,0.000000
R21,18.000000,-34.000000,Top,0.000000
C20,18.000000,-31.000000,Top,0.000000
R22,22.000000,-31.000000,Top,0.000000
Q3,27.000000,-43.000000,Top,0.000000
Q4,28.000000,-29.800000,Top,0.000000
U7,-22.000000,22.000000,Top,0.000000
C10,-16.000000,22.000000,Top,0.000000
U8,20.000000,6.000000,Top,0.000000
L1,20.000000,14.000000,Top,0.000000
D3,26.000000,8.000000,Top,90.000000
R11,14.000000,2.000000,Top,0.000000
R12,18.000000,2.000000,Top,0.000000
C11,22.000000,27.000000,Top,0.000000
C12,20.000000,-4.000000,Top,0.000000
U9,16.000000,29.000000,Top,0.000000
C13,26.000000,29.500000,Top,0.000000
C14,16.000000,22.000000,Top,0.000000
D5,-8.000000,30.000000,Top,0.000000
U15,-20.000000,-10.000000,Top,0.000000
C21,-14.000000,-10.000000,Top,0.000000
R23,-12.000000,-4.000000,Top,0.000000
R24,-12.000000,-7.000000,Top,0.000000
U10,-20.000000,-26.000000,Top,0.000000
C15,-29.000000,-24.000000,Top,0.000000
R13,-29.000000,-20.000000,Top,0.000000
R14,-29.000000,-28.000000,Top,0.000000
R15,-13.000000,-28.000000,Top,0.000000
R16,-25.000000,-30.000000,Top,0.000000
U11,14.000000,36.000000,Top,0.000000
C16,8.000000,36.000000,Top,0.000000
C17,4.000000,36.000000,Top,0.000000
Q1,14.000000,-2.000000,Top,0.000000
Q2,28.000000,-18.000000,Top,0.000000
R17,28.000000,3.000000,Top,0.000000
R18,28.000000,-22.000000,Top,0.000000
C18,-20.000000,-30.000000,Top,0.000000
D4,37.000000,-44.000000,Top,0.000000
R19,33.000000,-45.000000,Top,0.000000
